ID,Name,Age,Gender,Email,Salary,Department
1,Person_1,26.0,Female,person1@example.com,96280.0,Marketing
2,Person_2,43.0,Female,person2@example.com,77316.0,Marketing
3,Person_3,19.0,Other,person3@example.com,104787.0,Sales
4,Person_4,40.0,Female,person4@example.com,74501.0,HR
5,Person_5,59.0,Female,person5@example.com,62723.0,Marketing
6,Person_6,,Female,person6@example.com,115474.0,
7,Person_7,32.0,Male,person7@example.com,,HR
8,Person_8,50.0,Other,person8@example.com,82567.0,Sales
9,Person_9,59.0,Male,person9@example.com,88160.0,Sales
10,Person_10,55.0,Other,person10@example.com,72824.0,Sales
11,Person_11,40.0,Male,person11@example.com,55230.0,Finance
12,Person_12,,Female,person12@example.com,101846.0,Marketing
13,Person_13,42.0,Other,,52212.0,Marketing
14,Person_14,31.0,Female,person14@example.com,,Marketing
15,Person_15,25.0,Female,person15@example.com,55374.0,IT
16,Person_16,36.0,Other,person16@example.com,110553.0,Marketing
17,Person_17,53.0,Other,person17@example.com,44460.0,Sales
18,Person_18,43.0,Male,person18@example.com,82694.0,HR
19,Person_19,48.0,Other,person19@example.com,117338.0,IT
20,Person_20,32.0,Female,person20@example.com,49158.0,
21,Person_21,36.0,Female,person21@example.com,61023.0,Finance
22,Person_22,49.0,Female,person22@example.com,68555.0,
23,Person_23,35.0,Female,person23@example.com,22598.0,Marketing
24,Person_24,21.0,Other,person24@example.com,97115.0,
25,Person_25,57.0,,person25@example.com,104859.0,Marketing
26,Person_26,59.0,Female,person26@example.com,,Sales
27,Person_27,52.0,Female,person27@example.com,59887.0,Sales
28,Person_28,49.0,,,65778.0,HR
29,Person_29,,Male,,44979.0,IT
30,Person_30,37.0,Male,person30@example.com,71508.0,Marketing
31,Person_31,40.0,Female,person31@example.com,108353.0,Sales
32,Person_32,39.0,Male,person32@example.com,24659.0,HR
33,Person_33,37.0,Male,person33@example.com,41847.0,HR
34,Person_34,59.0,Female,person34@example.com,21784.0,Sales
35,Person_35,,Male,,33241.0,Finance
36,Person_36,43.0,Female,person36@example.com,41306.0,Sales
37,Person_37,37.0,,person37@example.com,53245.0,
38,Person_38,47.0,Male,person38@example.com,97889.0,Finance
39,Person_39,34.0,Male,person39@example.com,81196.0,
40,Person_40,36.0,Male,person40@example.com,,HR
41,Person_41,,Female,person41@example.com,35424.0,IT
42,Person_42,35.0,Male,person42@example.com,77389.0,IT
43,Person_43,21.0,Female,person43@example.com,58989.0,IT
44,Person_44,32.0,Male,person44@example.com,70549.0,IT
45,Person_45,29.0,,person45@example.com,44165.0,Finance
46,Person_46,36.0,Female,person46@example.com,47349.0,Marketing
47,Person_47,41.0,Male,,43876.0,
48,Person_48,49.0,Male,person48@example.com,119611.0,Sales
49,Person_49,32.0,Other,person49@example.com,86547.0,IT
50,Person_50,37.0,Other,person50@example.com,36562.0,HR
51,Person_51,41.0,Female,person51@example.com,73327.0,Finance
52,Person_52,59.0,Female,person52@example.com,67884.0,IT
53,Person_53,21.0,Male,person53@example.com,72510.0,Marketing
54,Person_54,27.0,Other,person54@example.com,42942.0,Finance
55,Person_55,19.0,,person55@example.com,63773.0,Marketing
56,Person_56,40.0,Other,person56@example.com,93742.0,IT
57,Person_57,21.0,,person57@example.com,118058.0,IT
58,Person_58,29.0,Male,,98759.0,Sales
59,Person_59,19.0,Other,person59@example.com,35987.0,HR
60,Person_60,,Female,person60@example.com,,Marketing
61,Person_61,50.0,Female,person61@example.com,24923.0,HR
62,Person_62,38.0,Female,person62@example.com,55000.0,Finance
63,Person_63,39.0,,person63@example.com,38432.0,Marketing
64,Person_64,55.0,Female,person64@example.com,55446.0,IT
65,Person_65,45.0,Male,person65@example.com,31552.0,HR
66,Person_66,48.0,Female,person66@example.com,,HR
67,Person_67,26.0,Female,person67@example.com,76281.0,Sales
68,Person_68,39.0,,person68@example.com,109080.0,Marketing
69,Person_69,33.0,Other,,43090.0,
70,Person_70,50.0,Female,person70@example.com,,Marketing
71,Person_71,41.0,Female,person71@example.com,22953.0,Marketing
72,Person_72,28.0,Male,person72@example.com,76129.0,Finance
73,Person_73,,Other,person73@example.com,48568.0,IT
74,Person_74,19.0,Male,,100395.0,IT
75,Person_75,24.0,Female,person75@example.com,61712.0,Sales
76,Person_76,54.0,Male,person76@example.com,102758.0,Finance
77,Person_77,55.0,Female,person77@example.com,23098.0,
78,Person_78,,Other,person78@example.com,46306.0,Sales
79,Person_79,38.0,Other,person79@example.com,26833.0,Marketing
80,Person_80,20.0,Other,person80@example.com,68479.0,Finance
81,Person_81,42.0,Female,person81@example.com,86837.0,HR
82,Person_82,25.0,,person82@example.com,46288.0,Sales
83,Person_83,31.0,Male,person83@example.com,35101.0,Finance
84,Person_84,35.0,Female,person84@example.com,31033.0,HR
85,Person_85,54.0,Male,person85@example.com,,Marketing
86,Person_86,,Other,person86@example.com,96795.0,IT
87,Person_87,18.0,Female,person87@example.com,63062.0,HR
88,Person_88,21.0,Female,person88@example.com,97909.0,Finance
89,Person_89,44.0,Female,person89@example.com,75692.0,HR
90,Person_90,39.0,Male,person90@example.com,29079.0,IT
91,Person_91,51.0,Other,,104650.0,HR
92,Person_92,,Male,,25023.0,
93,Person_93,53.0,Female,person93@example.com,99405.0,HR
94,Person_94,48.0,Other,person94@example.com,25265.0,HR
95,Person_95,25.0,Other,person95@example.com,40661.0,Finance
96,Person_96,59.0,Female,person96@example.com,52339.0,HR
97,Person_97,23.0,Male,person97@example.com,25713.0,Sales
98,Person_98,44.0,Other,person98@example.com,34877.0,Finance
99,Person_99,31.0,,person99@example.com,,Marketing
100,Person_100,40.0,Male,person100@example.com,,Sales
